{
  "images": [
    {
      "width": 256,
      "height": 256,
      "id": 0,
      "file_name": "images\\1/07f6c31a-4C5TBIE8HZVE.jpg"
    },
    {
      "width": 256,
      "height": 256,
      "id": 1,
      "file_name": "images\\1/332a83fe-0F2O5HPGPK71.jpg"
    },
    {
      "width": 256,
      "height": 256,
      "id": 2,
      "file_name": "images\\1/24cfd936-2CEDV6BJF2I2.jpg"
    },
    {
      "width": 256,
      "height": 256,
      "id": 3,
      "file_name": "images\\1/cbb35641-2DPX1GXVKTKB.jpg"
    },
    {
      "width": 256,
      "height": 256,
      "id": 4,
      "file_name": "images\\1/f539a6b2-3YY8CB0CRBGL.jpg"
    },
    {
      "width": 256,
      "height": 256,
      "id": 5,
      "file_name": "images\\1/6aa54f3e-AG1X0BYAIEQ3.jpg"
    },
    {
      "width": 256,
      "height": 256,
      "id": 6,
      "file_name": "images\\1/bbbf3b1a-BENTAGFOH63V.jpg"
    },
    {
      "width": 256,
      "height": 256,
      "id": 7,
      "file_name": "images\\1/f019b2dc-K07D89IXFLV7.jpg"
    },
    {
      "width": 256,
      "height": 256,
      "id": 8,
      "file_name": "images\\1/9ea2b935-0EMBUWN2ZXEP_-_Copy.jpg"
    },
    {
      "width": 256,
      "height": 256,
      "id": 9,
      "file_name": "images\\1/6a3768ae-3AH9LABSEDQI.jpg"
    },
    {
      "width": 256,
      "height": 256,
      "id": 10,
      "file_name": "images\\1/f5949e50-1C787UMV6W41.jpg"
    },
    {
      "width": 256,
      "height": 256,
      "id": 11,
      "file_name": "images\\1/37a02784-1G37POOK6ZUN.jpg"
    },
    {
      "width": 256,
      "height": 256,
      "id": 12,
      "file_name": "images\\1/cc97be3c-1N7EAN63UCNO.jpg"
    },
    {
      "width": 256,
      "height": 256,
      "id": 13,
      "file_name": "images\\1/c79b7869-0LJZALMSJYZ4.jpg"
    },
    {
      "width": 256,
      "height": 256,
      "id": 14,
      "file_name": "images\\1/42a1fa7e-0XS1Y1D88K7E.jpg"
    },
    {
      "width": 256,
      "height": 256,
      "id": 15,
      "file_name": "images\\1/883c0c0c-A12MO24HML9Z.jpg"
    },
    {
      "width": 256,
      "height": 256,
      "id": 16,
      "file_name": "images\\1/35316007-CBIC009UT8R5.jpg"
    },
    {
      "width": 256,
      "height": 256,
      "id": 17,
      "file_name": "images\\1/c96d6e38-0GZMCEEK2RLR.jpg"
    },
    {
      "width": 256,
      "height": 256,
      "id": 18,
      "file_name": "images\\1/3ea42ad0-1KE5P5AKAEQ4.jpg"
    },
    {
      "width": 256,
      "height": 256,
      "id": 19,
      "file_name": "images\\1/ccc7dac3-1KN1PBOECQZN.jpg"
    },
    {
      "width": 900,
      "height": 600,
      "id": 20,
      "file_name": "images\\1/b5cb1400-ch13.jpg"
    },
    {
      "width": 900,
      "height": 600,
      "id": 21,
      "file_name": "images\\1/1b4c7d87-ch18.jpg"
    },
    {
      "width": 900,
      "height": 600,
      "id": 22,
      "file_name": "images\\1/a76c2139-ch5.jpg"
    },
    {
      "width": 900,
      "height": 600,
      "id": 23,
      "file_name": "images\\1/46491297-ch6.jpg"
    },
    {
      "width": 900,
      "height": 600,
      "id": 24,
      "file_name": "images\\1/b4abcc15-ch10.jpg"
    }
  ],
  "categories": [
    {
      "id": 0,
      "name": "bed"
    },
    {
      "id": 1,
      "name": "chair"
    },
    {
      "id": 2,
      "name": "microwave"
    },
    {
      "id": 3,
      "name": "oven"
    },
    {
      "id": 4,
      "name": "toilet"
    }
  ],
  "annotations": [
    {
      "id": 0,
      "image_id": 0,
      "category_id": 4,
      "segmentation": [
        [
          70.3479674796748,
          52.03252032520325,
          71.59674796747967,
          78.2569105691057,
          74.51056910569108,
          96.98861788617883,
          79.08943089430895,
          111.14146341463415,
          100.7349593495935,
          115.72032520325203,
          107.81138211382117,
          125.71056910569108,
          106.56260162601626,
          140.6959349593496,
          108.2276422764228,
          163.1739837398374,
          108.64390243902439,
          171.0829268292683,
          104.48130081300813,
          176.91056910569105,
          109.89268292682928,
          189.81463414634146,
          124.8780487804878,
          203.96747967479675,
          141.94471544715446,
          209.37886178861788,
          159.01138211382116,
          210.21138211382112,
          167.3365853658537,
          204.38373983739837,
          167.3365853658537,
          192.31219512195122,
          164.00650406504064,
          175.24552845528456,
          164.8390243902439,
          167.75284552845528,
          175.6617886178862,
          156.93008130081301,
          180.65691056910566,
          152.76747967479673,
          185.2357723577236,
          144.0260162601626,
          185.2357723577236,
          134.03577235772357,
          181.48943089430898,
          122.79674796747967,
          160.67642276422765,
          113.22276422764227,
          152.76747967479673,
          113.22276422764227,
          147.35609756097563,
          112.39024390243905,
          150.68617886178862,
          98.65365853658537,
          152.76747967479673,
          79.50569105691058,
          156.09756097560975,
          65.35284552845528,
          159.01138211382116,
          54.94634146341464,
          154.43252032520326,
          47.86991869918699
        ]
      ],
      "bbox": [
        70.3479674796748,
        47.86991869918699,
        114.8878048780488,
        162.34146341463412
      ],
      "ignore": 0,
      "iscrowd": 0,
      "area": 11146.18822129682
    },
    {
      "id": 1,
      "image_id": 1,
      "category_id": 4,
      "segmentation": [
        [
          120.71544715447155,
          21.229268292682928,
          106.56260162601626,
          27.0569105691057,
          110.72520325203251,
          112.80650406504068,
          107.81138211382117,
          116.55284552845525,
          93.24227642276422,
          117.80162601626016,
          80.75447154471544,
          122.79674796747967,
          67.01788617886179,
          130.2894308943089,
          62.85528455284554,
          141.52845528455285,
          59.941463414634164,
          161.5089430894309,
          73.26178861788618,
          224.7804878048781,
          83.25203252032519,
          255.16747967479674,
          174.4130081300813,
          254.33495934959356,
          172.3317073170732,
          206.88130081300812,
          174.4130081300813,
          159.01138211382116,
          183.57073170731707,
          148.18861788617886,
          188.98211382113823,
          30.3869918699187,
          183.9869918699187,
          25.808130081300813
        ]
      ],
      "bbox": [
        59.941463414634164,
        21.229268292682928,
        129.04065040650406,
        233.93821138211382
      ],
      "ignore": 0,
      "iscrowd": 0,
      "area": 22016.00676845794
    },
    {
      "id": 2,
      "image_id": 2,
      "category_id": 4,
      "segmentation": [
        [
          25.808130081300813,
          9.157723577235773,
          20.813008130081297,
          19.147967479674797,
          25.391869918699186,
          21.229268292682928,
          31.21951219512195,
          75.34308943089431,
          39.54471544715447,
          110.30894308943087,
          51.61626016260163,
          114.47154471544718,
          51.61626016260163,
          121.13170731707314,
          59.941463414634164,
          121.5479674796748,
          57.02764227642277,
          114.88780487804881,
          64.1040650406504,
          114.88780487804881,
          64.1040650406504,
          120.71544715447155,
          91.1609756097561,
          129.04065040650406,
          94.49105691056911,
          133.61951219512196,
          70.76422764227642,
          142.77723577235773,
          62.85528455284554,
          142.77723577235773,
          57.860162601626016,
          144.8585365853659,
          55.77886178861789,
          148.18861788617886,
          48.28617886178862,
          152.35121951219514,
          40.37723577235772,
          149.02113821138215,
          35.38211382113821,
          152.35121951219514,
          33.717073170731716,
          156.93008130081301,
          24.559349593495934,
          163.1739837398374,
          22.89430894308943,
          171.0829268292683,
          25.391869918699186,
          193.5609756097561,
          26.640650406504065,
          211.46016260162608,
          27.889430894308944,
          219.36910569105692,
          27.889430894308944,
          231.02439024390245,
          32.0520325203252,
          233.1056910569105,
          35.798373983739836,
          232.27317073170732,
          62.85528455284554,
          236.0195121951219,
          75.75934959349595,
          225.19674796747967,
          86.1658536585366,
          218.53658536585365,
          99.90243902439025,
          211.46016260162608,
          113.22276422764227,
          206.88130081300812,
          110.72520325203251,
          218.9528455284552,
          109.06016260162602,
          235.1869918699187,
          169.00162601626016,
          250.58861788617887,
          188.98211382113823,
          252.25365853658536,
          200.22113821138214,
          248.92357723577234,
          208.130081300813,
          244.7609756097561,
          211.04390243902438,
          238.10081300813013,
          211.04390243902438,
          230.19186991869918,
          203.55121951219513,
          175.6617886178862,
          218.53658536585365,
          157.34634146341463,
          226.44552845528455,
          142.77723577235773,
          230.6081300813008,
          136.11707317073171,
          232.68943089430894,
          125.71056910569108,
          233.1056910569105,
          119.05040650406507,
          231.85691056910565,
          113.22276422764227,
          221.45040650406503,
          106.97886178861789,
          210.21138211382112,
          104.89756097560976,
          181.48943089430898,
          102.81626016260162,
          162.34146341463415,
          100.31869918699186,
          147.35609756097563,
          100.31869918699186,
          141.11219512195123,
          100.31869918699186,
          123.6292682926829,
          106.14634146341463,
          119.05040650406507,
          105.31382113821138,
          126.54308943089431,
          99.06991869918699,
          131.95447154471546,
          75.34308943089431,
          136.94959349593495,
          14.985365853658541,
          138.1983739837398,
          12.904065040650407,
          135.70081300813004,
          4.995121951219512,
          111.14146341463415,
          0.832520325203252,
          89.4959349593496,
          2.497560975609756
        ]
      ],
      "bbox": [
        20.813008130081297,
        0.832520325203252,
        212.2926829268292,
        251.4211382113821
      ],
      "ignore": 0,
      "iscrowd": 0,
      "area": 33760.418375305715
    },
    {
      "id": 3,
      "image_id": 3,
      "category_id": 4,
      "segmentation": [
        [
          69.93170731707318,
          10.406504065040648,
          65.76910569105691,
          22.061788617886176,
          68.6829268292683,
          38.295934959349594,
          78.2569105691057,
          76.17560975609757,
          82.41951219512195,
          95.73983739837398,
          89.4959349593496,
          102.4,
          98.65365853658537,
          104.48130081300813,
          99.90243902439025,
          110.72520325203251,
          93.65853658536585,
          124.04552845528455,
          84.50081300813008,
          141.52845528455285,
          79.9219512195122,
          164.4227642276423,
          81.5869918699187,
          181.90569105691057,
          91.99349593495936,
          197.72357723577235,
          100.7349593495935,
          202.3024390243903,
          101.98373983739837,
          211.04390243902438,
          101.15121951219515,
          226.02926829268293,
          104.48130081300813,
          237.26829268292684,
          111.14146341463415,
          246.4260162601626,
          125.71056910569108,
          251.83739837398375,
          138.1983739837398,
          248.0910569105691,
          149.43739837398374,
          241.8471544715447,
          156.93008130081301,
          223.11544715447155,
          156.5138211382114,
          206.88130081300812,
          154.84878048780487,
          203.1349593495935,
          162.34146341463415,
          195.6422764227642,
          172.7479674796748,
          180.24065040650407,
          175.6617886178862,
          164.8390243902439,
          168.1691056910569,
          143.60975609756096,
          152.76747967479673,
          116.55284552845525,
          149.43739837398374,
          104.89756097560976,
          159.8439024390244,
          98.65365853658537,
          165.25528455284552,
          91.57723577235772,
          171.4991869918699,
          62.85528455284554,
          176.91056910569105,
          38.295934959349594,
          181.48943089430898,
          24.975609756097562,
          179.4081300813008,
          12.487804878048781
        ]
      ],
      "bbox": [
        65.76910569105691,
        10.406504065040648,
        115.72032520325207,
        241.4308943089431
      ],
      "ignore": 0,
      "iscrowd": 0,
      "area": 18952.28865357925
    },
    {
      "id": 4,
      "image_id": 4,
      "category_id": 4,
      "segmentation": [
        [
          27.0569105691057,
          15.401626016260163,
          30.803252032520327,
          26.22439024390244,
          42.458536585365856,
          98.23739837398374,
          59.108943089430895,
          101.98373983739837,
          71.18048780487807,
          102.81626016260162,
          79.08943089430895,
          109.06016260162602,
          82.00325203252032,
          115.3040650406504,
          75.34308943089431,
          129.04065040650406,
          74.92682926829269,
          156.93008130081301,
          73.67804878048781,
          179.4081300813008,
          77.42439024390244,
          192.72845528455284,
          104.0650406504065,
          214.3739837398374,
          131.95447154471546,
          232.27317073170732,
          163.1739837398374,
          242.67967479674797,
          185.65203252032518,
          243.51219512195124,
          196.05853658536583,
          238.51707317073172,
          188.98211382113823,
          177.32682926829267,
          192.31219512195122,
          165.6715447154471,
          204.8,
          162.34146341463415,
          214.3739837398374,
          152.76747967479673,
          216.4552845528456,
          134.03577235772357,
          210.21138211382112,
          122.79674796747967,
          182.7382113821138,
          110.30894308943087,
          150.68617886178862,
          104.48130081300813,
          129.87317073170732,
          101.98373983739837,
          114.47154471544718,
          96.57235772357724,
          119.05040650406507,
          92.40975609756097,
          120.71544715447155,
          62.85528455284554,
          122.79674796747967,
          40.37723577235772,
          126.95934959349593,
          25.808130081300813,
          130.70569105691055,
          13.73658536585366
        ]
      ],
      "bbox": [
        27.0569105691057,
        13.73658536585366,
        189.3983739837399,
        229.77560975609757
      ],
      "ignore": 0,
      "iscrowd": 0,
      "area": 22724.431478617247
    },
    {
      "id": 5,
      "image_id": 5,
      "category_id": 3,
      "segmentation": [
        [
          45.78861788617886,
          2.497560975609756,
          45.78861788617886,
          12.904065040650407,
          31.635772357723578,
          34.54959349593495,
          32.0520325203252,
          62.85528455284554,
          32.0520325203252,
          250.1723577235773,
          223.53170731707317,
          250.1723577235773,
          223.11544715447155,
          35.38211382113821,
          208.96260162601627,
          9.573983739837399,
          208.54634146341462,
          4.995121951219512
        ]
      ],
      "bbox": [
        31.635772357723578,
        2.497560975609756,
        191.8959349593496,
        247.67479674796755
      ],
      "ignore": 0,
      "iscrowd": 0,
      "area": 46597.053330689414
    },
    {
      "id": 6,
      "image_id": 6,
      "category_id": 3,
      "segmentation": [
        [
          36.21463414634145,
          1.248780487804878,
          34.13333333333333,
          4.995121951219512,
          33.717073170731716,
          32.0520325203252,
          35.38211382113821,
          47.86991869918699,
          2.0813008130081294,
          69.93170731707318,
          5.827642276422764,
          232.27317073170732,
          106.14634146341463,
          252.66991869918692,
          131.1219512195122,
          209.37886178861788,
          131.95447154471546,
          6.2439024390243905
        ]
      ],
      "bbox": [
        2.0813008130081294,
        1.248780487804878,
        129.87317073170732,
        251.42113821138204
      ],
      "ignore": 0,
      "iscrowd": 0,
      "area": 28482.450689404453
    },
    {
      "id": 7,
      "image_id": 6,
      "category_id": 3,
      "segmentation": [
        [
          135.70081300813004,
          5.411382113821138,
          135.70081300813004,
          205.2162601626016,
          146.52357723577236,
          251.83739837398375,
          252.66991869918692,
          237.26829268292684,
          252.66991869918692,
          68.6829268292683,
          231.02439024390245,
          46.204878048780486,
          230.6081300813008,
          2.0813008130081294
        ]
      ],
      "bbox": [
        135.70081300813004,
        2.0813008130081294,
        116.96910569105688,
        249.7560975609756
      ],
      "ignore": 0,
      "iscrowd": 0,
      "area": 26822.67319188315
    },
    {
      "id": 8,
      "image_id": 7,
      "category_id": 3,
      "segmentation": [
        [
          41.626016260162594,
          6.2439024390243905,
          42.458536585365856,
          248.50731707317067,
          213.95772357723578,
          248.50731707317067,
          213.95772357723578,
          6.2439024390243905
        ]
      ],
      "bbox": [
        41.626016260162594,
        6.2439024390243905,
        172.33170731707318,
        242.26341463414627
      ],
      "ignore": 0,
      "iscrowd": 0,
      "area": 41648.8232559984
    },
    {
      "id": 9,
      "image_id": 8,
      "category_id": 3,
      "segmentation": [
        [
          24.559349593495934,
          1.248780487804878,
          17.066666666666666,
          25.808130081300813,
          1.665040650406504,
          63.68780487804878,
          1.665040650406504,
          89.4959349593496,
          3.7463414634146353,
          252.66991869918692,
          252.66991869918692,
          253.91869918699186,
          252.25365853658536,
          92.40975609756097,
          253.91869918699186,
          62.85528455284554,
          233.93821138211376,
          2.0813008130081294
        ]
      ],
      "bbox": [
        1.665040650406504,
        1.248780487804878,
        252.25365853658536,
        252.66991869918698
      ],
      "ignore": 0,
      "iscrowd": 0,
      "area": 61676.26791460107
    },
    {
      "id": 10,
      "image_id": 9,
      "category_id": 3,
      "segmentation": [
        [
          73.26178861788618,
          10.822764227642276,
          17.482926829268294,
          34.13333333333333,
          15.401626016260163,
          40.79349593495935,
          20.396747967479676,
          44.53983739837398,
          21.229268292682928,
          69.51544715447154,
          25.391869918699186,
          229.35934959349595,
          102.81626016260162,
          254.75121951219512,
          217.28780487804877,
          251.83739837398375,
          212.29268292682926,
          72.0130081300813,
          248.50731707317067,
          36.63089430894309
        ]
      ],
      "bbox": [
        15.401626016260163,
        10.822764227642276,
        233.1056910569105,
        243.92845528455285
      ],
      "ignore": 0,
      "iscrowd": 0,
      "area": 44287.2439632494
    },
    {
      "id": 11,
      "image_id": 10,
      "category_id": 2,
      "segmentation": [
        [
          9.157723577235773,
          164.4227642276423,
          106.14634146341463,
          156.5138211382114,
          108.2276422764228,
          233.93821138211376,
          31.635772357723578,
          254.75121951219512,
          14.152845528455284,
          254.33495934959356
        ]
      ],
      "bbox": [
        9.157723577235773,
        156.5138211382114,
        99.06991869918703,
        98.23739837398372
      ],
      "ignore": 0,
      "iscrowd": 0,
      "area": 8240.927828673408
    },
    {
      "id": 12,
      "image_id": 11,
      "category_id": 2,
      "segmentation": [
        [
          62.85528455284552,
          74.09430894308943,
          62.4390243902439,
          158.1788617886179,
          96.15609756097561,
          185.65203252032518,
          184.81951219512194,
          164.4227642276423,
          188.14959349593497,
          78.2569105691057,
          152.76747967479673,
          54.94634146341464
        ]
      ],
      "bbox": [
        62.4390243902439,
        54.94634146341464,
        125.71056910569106,
        130.70569105691055
      ],
      "ignore": 0,
      "iscrowd": 0,
      "area": 13513.957247670027
    },
    {
      "id": 13,
      "image_id": 12,
      "category_id": 2,
      "segmentation": [
        [
          44.12357723577235,
          64.93658536585366,
          9.157723577235773,
          113.6390243902439,
          22.89430894308943,
          238.51707317073172,
          229.35934959349595,
          237.68455284552846,
          243.92845528455283,
          113.22276422764227,
          208.54634146341462,
          65.76910569105691
        ]
      ],
      "bbox": [
        9.157723577235773,
        64.93658536585366,
        234.77073170731705,
        173.58048780487806
      ],
      "ignore": 0,
      "iscrowd": 0,
      "area": 37100.33289179721
    },
    {
      "id": 14,
      "image_id": 13,
      "category_id": 2,
      "segmentation": [
        [
          10.406504065040648,
          27.889430894308944,
          10.406504065040648,
          214.79024390243904,
          242.26341463414627,
          218.9528455284552,
          240.18211382113822,
          24.14308943089431
        ]
      ],
      "bbox": [
        10.406504065040648,
        24.14308943089431,
        231.85691056910562,
        194.8097560975609
      ],
      "ignore": 0,
      "iscrowd": 0,
      "area": 44052.28642210323
    },
    {
      "id": 15,
      "image_id": 14,
      "category_id": 2,
      "segmentation": [
        [
          0.0,
          0.0,
          2.0813008130081294,
          252.66991869918692,
          74.92682926829269,
          253.08617886178862,
          236.8520325203252,
          199.8048780487805,
          237.26829268292684,
          49.951219512195124,
          108.2276422764228,
          2.497560975609756
        ]
      ],
      "bbox": [
        0.0,
        0.0,
        237.26829268292684,
        253.08617886178862
      ],
      "ignore": 0,
      "iscrowd": 0,
      "area": 51884.03118778504
    },
    {
      "id": 16,
      "image_id": 15,
      "category_id": 0,
      "segmentation": [
        [
          39.54471544715447,
          24.975609756097562,
          29.554471544715447,
          37.87967479674798,
          8.325203252032518,
          48.702439024390245,
          8.325203252032518,
          69.51544715447154,
          8.741463414634147,
          103.23252032520325,
          6.2439024390243905,
          143.60975609756096,
          5.827642276422764,
          179.82439024390243,
          12.904065040650407,
          178.9918699186992,
          12.487804878048781,
          172.7479674796748,
          104.48130081300813,
          231.85691056910565,
          106.97886178861789,
          244.7609756097561,
          114.05528455284554,
          243.92845528455283,
          115.3040650406504,
          231.44065040650406,
          238.10081300813013,
          200.63739837398373,
          239.34959349593498,
          212.29268292682926,
          245.17723577235768,
          213.5414634146342,
          247.6747967479675,
          199.8048780487805,
          248.50731707317067,
          171.0829268292683,
          243.51219512195124,
          165.25528455284552,
          236.8520325203252,
          121.13170731707314,
          211.04390243902438,
          111.14146341463415,
          196.47479674796747,
          108.2276422764228,
          169.00162601626016,
          99.90243902439025,
          146.52357723577236,
          93.65853658536585,
          140.27967479674797,
          88.2471544715447,
          136.94959349593495,
          69.51544715447154,
          134.03577235772357,
          43.707317073170735,
          122.79674796747967,
          37.87967479674798,
          112.39024390243905,
          27.47317073170732,
          106.14634146341463,
          21.645528455284552,
          101.56747967479674,
          21.645528455284552,
          84.91707317073171,
          9.157723577235773,
          72.42926829268295,
          8.325203252032518,
          60.357723577235774,
          11.239024390243902,
          54.1138211382114,
          17.066666666666666,
          48.702439024390245,
          23.726829268292683
        ]
      ],
      "bbox": [
        5.827642276422764,
        8.325203252032518,
        242.67967479674792,
        236.43577235772358
      ],
      "ignore": 0,
      "iscrowd": 0,
      "area": 35178.04752197763
    },
    {
      "id": 17,
      "image_id": 16,
      "category_id": 0,
      "segmentation": [
        [
          118.21788617886179,
          70.76422764227642,
          118.21788617886179,
          98.23739837398374,
          108.2276422764228,
          105.31382113821138,
          33.30081300813007,
          121.96422764227641,
          30.803252032520327,
          137.7821138211382,
          8.741463414634147,
          144.0260162601626,
          8.741463414634147,
          146.52357723577236,
          33.717073170731716,
          150.68617886178862,
          35.38211382113821,
          160.67642276422765,
          171.0829268292683,
          183.57073170731707,
          243.0959349593496,
          144.0260162601626,
          246.00975609756097,
          69.51544715447154
        ]
      ],
      "bbox": [
        8.741463414634147,
        69.51544715447154,
        237.2682926829268,
        114.05528455284552
      ],
      "ignore": 0,
      "iscrowd": 0,
      "area": 17507.109175755177
    },
    {
      "id": 18,
      "image_id": 17,
      "category_id": 0,
      "segmentation": [
        [
          7.9089430894308945,
          52.44878048780488,
          9.990243902439024,
          179.82439024390243,
          15.401626016260163,
          179.82439024390243,
          15.401626016260163,
          166.50406504065037,
          79.08943089430895,
          196.47479674796747,
          79.50569105691058,
          221.0341463414634,
          99.48617886178862,
          218.9528455284552,
          109.06016260162602,
          206.88130081300812,
          224.36422764227643,
          196.05853658536583,
          231.85691056910565,
          205.2162601626016,
          248.50731707317067,
          203.96747967479675,
          248.0910569105691,
          155.2650406504065,
          245.59349593495935,
          131.95447154471546,
          180.65691056910566,
          119.88292682926833,
          145.27479674796749,
          113.22276422764227,
          141.52845528455285,
          104.89756097560976,
          140.27967479674797,
          56.19512195121953
        ]
      ],
      "bbox": [
        7.9089430894308945,
        52.44878048780488,
        240.59837398373978,
        168.58536585365852
      ],
      "ignore": 0,
      "iscrowd": 0,
      "area": 27000.710709233943
    },
    {
      "id": 19,
      "image_id": 18,
      "category_id": 0,
      "segmentation": [
        [
          10.822764227642276,
          85.33333333333331,
          16.234146341463415,
          89.4959349593496,
          15.401626016260163,
          137.7821138211382,
          15.401626016260163,
          142.77723577235773,
          21.229268292682928,
          142.36097560975614,
          21.229268292682928,
          135.70081300813004,
          127.37560975609756,
          163.1739837398374,
          125.29430894308943,
          174.82926829268294,
          131.53821138211381,
          173.58048780487806,
          132.7869918699187,
          162.34146341463415,
          233.1056910569105,
          151.9349593495935,
          232.68943089430894,
          162.34146341463415,
          237.26829268292684,
          162.34146341463415,
          240.18211382113827,
          155.2650406504065,
          239.76585365853666,
          101.15121951219515,
          243.51219512195124,
          97.8211382113821,
          126.95934959349593,
          104.0650406504065,
          115.3040650406504,
          100.31869918699186,
          114.05528455284554,
          81.5869918699187
        ]
      ],
      "bbox": [
        10.822764227642276,
        81.5869918699187,
        232.68943089430897,
        93.24227642276423
      ],
      "ignore": 0,
      "iscrowd": 0,
      "area": 13555.456016921147
    },
    {
      "id": 20,
      "image_id": 19,
      "category_id": 0,
      "segmentation": [
        [
          64.10406504065043,
          39.9609756097561,
          63.271544715447156,
          106.56260162601626,
          52.44878048780488,
          119.05040650406507,
          50.36747967479675,
          141.94471544715446,
          38.295934959349594,
          152.35121951219514,
          38.295934959349594,
          216.87154471544716,
          221.45040650406503,
          216.87154471544716,
          221.0341463414634,
          151.9349593495935,
          208.54634146341462,
          138.61463414634147,
          205.63252032520325,
          117.38536585365857,
          193.5609756097561,
          103.23252032520325,
          193.5609756097561,
          40.37723577235772
        ]
      ],
      "bbox": [
        38.295934959349594,
        39.9609756097561,
        183.15447154471542,
        176.91056910569105
      ],
      "ignore": 0,
      "iscrowd": 0,
      "area": 27595.555280586937
    },
    {
      "id": 21,
      "image_id": 20,
      "category_id": 1,
      "segmentation": [
        [
          210.84598698481557,
          54.63414634146341,
          211.82206791426842,
          75.12195121951221,
          216.70281995661605,
          100.48780487804879,
          214.75054229934923,
          157.07317073170734,
          192.2993492407809,
          468.2926829268293,
          209.86984815618214,
          469.26829268292676,
          252.81995661605205,
          321.95121951219517,
          250.86767895878523,
          310.24390243902445,
          374.83731019522776,
          336.5853658536585,
          372.885032537961,
          427.31707317073165,
          384.5986984815618,
          430.2439024390244,
          391.4316702819957,
          430.2439024390244,
          415.8351409978308,
          342.4390243902439,
          431.4533622559653,
          344.390243902439,
          433.4056399132321,
          381.4634146341463,
          452.92841648590024,
          553.1707317073169,
          465.61822125813444,
          560.9756097560976,
          474.4034707158351,
          556.0975609756098,
          478.30802603036875,
          331.7073170731707,
          619.8481561822127,
          305.3658536585365,
          636.4425162689803,
          309.2682926829267,
          649.1323210412147,
          370.7317073170732,
          670.6073752711495,
          493.6585365853658,
          684.2733188720174,
          497.5609756097561,
          692.0824295010847,
          492.68292682926824,
          684.2733188720174,
          266.34146341463423,
          704.7722342733189,
          251.70731707317074,
          697.939262472885,
          240.0,
          555.4229934924076,
          236.09756097560987,
          464.6420824295011,
          235.12195121951217,
          428.5249457700651,
          243.90243902439022,
          419.7396963123643,
          157.07317073170734,
          433.4056399132321,
          153.17073170731706,
          445.1193058568329,
          142.43902439024387,
          445.1193058568329,
          131.70731707317077,
          426.5726681127982,
          45.85365853658537,
          413.882863340564,
          40.975609756097555,
          391.4316702819957,
          39.024390243902424,
          231.34490238611718,
          45.85365853658537
        ]
      ],
      "bbox": [
        192.2993492407809,
        39.024390243902424,
        512.472885032538,
        521.9512195121952
      ],
      "ignore": 0,
      "iscrowd": 0,
      "area": 105766.78615364479
    },
    {
      "id": 22,
      "image_id": 21,
      "category_id": 1,
      "segmentation": [
        [
          440.238611713666,
          32.19512195121951,
          421.69197396963114,
          85.85365853658537,
          401.19305856832983,
          178.53658536585368,
          389.4793926247289,
          240.0,
          385.5748373101952,
          248.78048780487805,
          380.69414316702813,
          253.65853658536594,
          366.0523833186762,
          232.19512195121948,
          327.98264642082427,
          211.70731707317069,
          304.55531453362266,
          211.70731707317069,
          282.10412147505417,
          211.70731707317069,
          248.91540130151847,
          222.4390243902439,
          223.53579175704985,
          246.8292682926829,
          214.75054229934923,
          270.24390243902445,
          209.86984815618214,
          304.390243902439,
          204.98915401301517,
          365.8536585365854,
          190.34707158351407,
          507.3170731707319,
          208.89370932754883,
          510.2439024390244,
          229.3926247288504,
          349.2682926829267,
          407.04888244012517,
          371.7073170731707,
          423.64425162689804,
          404.8780487804878,
          441.2147505422993,
          404.8780487804878,
          428.5249457700651,
          373.6585365853658,
          526.1388286334058,
          387.3170731707316,
          504.66377440347054,
          556.0975609756098,
          528.0911062906724,
          560.9756097560976,
          558.351409978308,
          349.2682926829267,
          637.4186054697448,
          320.9756097560975,
          655.9652928416485,
          298.53658536585374,
          664.7505422993493,
          298.53658536585374,
          707.7006507592191,
          439.99999999999994,
          729.175704989154,
          443.9024390243903,
          699.8915401301518,
          322.9268292682927,
          685.2494577006507,
          279.99999999999994,
          670.6073752711495,
          255.60975609756088,
          688.1778741865509,
          170.7317073170732,
          708.6767895878523,
          87.8048780487805,
          726.2472885032538,
          55.609756097560975
        ]
      ],
      "bbox": [
        190.34707158351407,
        32.19512195121951,
        538.82863340564,
        528.780487804878
      ],
      "ignore": 0,
      "iscrowd": 0,
      "area": 125509.58332465729
    },
    {
      "id": 23,
      "image_id": 22,
      "category_id": 1,
      "segmentation": [
        [
          470.49891540130153,
          35.121951219512205,
          429.50108459869847,
          60.487804878048784,
          409.97830802603033,
          80.0,
          400.2169197396963,
          109.26829268292683,
          380.69414316702813,
          146.34146341463415,
          365.0759219088937,
          190.2439024390244,
          350.43383947939265,
          207.80487804878055,
          338.72017353579184,
          224.39024390243907,
          317.24511930585675,
          237.0731707317074,
          282.10412147505417,
          246.8292682926829,
          245.0108459869848,
          256.5853658536586,
          221.58351409978306,
          265.36585365853665,
          220.60737527114966,
          276.09756097560967,
          226.46398491753916,
          288.7804878048781,
          253.79609544468545,
          298.53658536585374,
          260.6290672451193,
          302.4390243902439,
          244.0347071583514,
          383.4146341463415,
          225.4880694143167,
          468.2926829268293,
          211.82212581344902,
          529.7560975609756,
          224.5119305856833,
          531.7073170731708,
          241.10629067245117,
          474.1463414634148,
          260.6290672451193,
          399.9999999999999,
          282.10412147505417,
          303.4146341463415,
          389.4793926247289,
          313.1707317073171,
          379.71800433839473,
          463.4146341463414,
          390.4555314533622,
          466.3414634146341,
          406.07375271149675,
          317.0731707317073,
          443.1670281995661,
          315.1219512195121,
          487.0932754880695,
          313.1707317073171,
          511.49674620390454,
          565.8536585365854,
          527.1149674620389,
          566.8292682926829,
          511.49674620390454,
          363.9024390243902,
          504.66377440347054,
          308.29268292682923,
          596.4208242950107,
          288.7804878048781,
          680.3687635574838,
          502.4390243902439,
          694.0347071583515,
          499.5121951219512,
          615.9436008676789,
          285.8536585365853,
          648.1561822125814,
          269.2682926829269,
          660.8459869848156,
          253.65853658536594,
          668.6550976138827,
          215.609756097561,
          658.8937093275489,
          127.80487804878044,
          646.2039045553146,
          60.487804878048784,
          618.8720173535792,
          40.975609756097555,
          572.993492407809,
          31.21951219512195,
          535.9002169197396,
          26.341463414634145,
          503.68763557483743,
          30.243902439024392
        ]
      ],
      "bbox": [
        211.82212581344902,
        26.341463414634145,
        482.21258134490245,
        540.4878048780487
      ],
      "ignore": 0,
      "iscrowd": 0,
      "area": 96346.80955284927
    },
    {
      "id": 24,
      "image_id": 23,
      "category_id": 1,
      "segmentation": [
        [
          153.712163313999,
          87.25467739275449,
          159.72592918689656,
          114.30201022521126,
          163.4845524135783,
          153.37037987209328,
          164.9879968904367,
          192.43874951897527,
          164.23627465200752,
          215.7295083469242,
          159.72594122143244,
          263.8136556046252,
          167.24316360572422,
          264.5649704055267,
          174.76038599001603,
          219.48608235143206,
          176.2638304668745,
          193.1900643198769,
          202.57410881189574,
          199.9518975279911,
          201.82238657346656,
          279.5912664235583,
          212.3464979114751,
          279.5912664235583,
          213.0982201499043,
          201.45452712979426,
          240.16022073335483,
          198.44926792618793,
          235.64988730277983,
          257.8031371974125,
          245.4222764023591,
          258.55445199831405,
          250.68433207136346,
          197.69795312528632,
          283.7601105622473,
          194.69269392168002,
          286.7669995159641,
          271.32680361364095,
          295.78766637711414,
          271.32680361364095,
          295.03594413868507,
          178.91508310274693,
          261.9601656478011,
          164.64010188561693,
          249.93260983293416,
          163.88878708471532,
          239.40849849492565,
          83.49810338824656,
          204.8292755271833,
          85.00073299004974,
          168.74660808258264,
          85.00073299004974
        ]
      ],
      "bbox": [
        153.712163313999,
        83.49810338824656,
        142.07550306311512,
        196.09316303531173
      ],
      "ignore": 0,
      "iscrowd": 0,
      "area": 13704.105773016228
    },
    {
      "id": 25,
      "image_id": 23,
      "category_id": 1,
      "segmentation": [
        [
          319.09105576841887,
          178.16376830184538,
          322.0979447221354,
          230.00448956405413,
          320.59450024527723,
          267.5702296091331,
          329.6151671064275,
          268.32154441003473,
          328.86344486799817,
          192.43874951897527,
          365.6978345510281,
          194.69269392168002,
          369.456445743174,
          257.8031371974125,
          377.725390365895,
          257.0518223965109,
          374.7185014121782,
          196.94663832438474,
          403.2839464724871,
          198.44926792618793,
          403.2839464724871,
          276.586007219952,
          409.2977243799206,
          276.586007219952,
          413.0563355720666,
          198.44926792618793,
          439.366613917088,
          192.43874951897527,
          448.3872807782381,
          264.5649704055267,
          455.90450316253,
          265.3162852064283,
          449.1390030166672,
          173.65587949643586,
          456.65622540095916,
          121.06384343332546,
          459.66311435467577,
          87.25467739275449,
          426.58733586379185,
          87.25467739275449,
          393.5115573729079,
          84.24941818914814,
          375.4702236506076,
          81.24415898554183,
          371.71161245846156,
          98.52439940627814,
          367.9530012663157,
          133.83619504865226,
          365.697834551028,
          164.64010188561693,
          337.13238949071916,
          170.65062029282956
        ]
      ],
      "bbox": [
        319.09105576841887,
        81.24415898554183,
        140.5720585862569,
        195.34184823441018
      ],
      "ignore": 0,
      "iscrowd": 0,
      "area": 12982.59886909998
    },
    {
      "id": 26,
      "image_id": 24,
      "category_id": 1,
      "segmentation": [
        [
          395.33622559652935,
          186.34146341463418,
          387.527114967462,
          187.3170731707317,
          381.6702819956615,
          253.65853658536594,
          375.81344902386127,
          332.6829268292682,
          371.9088937093275,
          385.3658536585367,
          308.45986984815625,
          411.70731707317077,
          303.57917570498904,
          461.4634146341464,
          306.5075921908894,
          485.8536585365853,
          306.5075921908894,
          508.2926829268293,
          303.57917570498904,
          565.8536585365854,
          321.14967462039044,
          566.8292682926829,
          324.0780911062907,
          489.7560975609756,
          509.5444685466378,
          496.5853658536585,
          513.4490238611712,
          578.5365853658535,
          531.9956616052061,
          576.5853658536585,
          533.9479392624729,
          519.0243902439024,
          541.7570498915401,
          519.0243902439024,
          541.7570498915401,
          426.3414634146341,
          545.6616052060738,
          400.9756097560976,
          538.82863340564,
          392.1951219512196,
          546.6377440347071,
          190.2439024390244,
          535.9002169197396,
          190.2439024390244,
          532.9718004338395,
          196.0975609756098,
          487.0932754880695,
          192.1951219512195,
          450.0,
          190.2439024390244,
          450.0,
          190.2439024390244,
          407.04989154013015,
          197.07317073170734
        ]
      ],
      "bbox": [
        303.57917570498904,
        186.34146341463418,
        243.05856832971807,
        392.19512195121933
      ],
      "ignore": 0,
      "iscrowd": 0,
      "area": 59433.04587058909
    },
    {
      "id": 27,
      "image_id": 24,
      "category_id": 1,
      "segmentation": [
        [
          15.61822125813449,
          186.34146341463418,
          25.379609544468547,
          248.78048780487805,
          33.18872017353579,
          318.048780487805,
          38.06941431670283,
          362.9268292682926,
          38.06941431670283,
          405.8536585365853,
          31.23644251626898,
          458.5365853658536,
          26.355748373101946,
          493.6585365853658,
          42.950108459869845,
          490.7317073170732,
          52.71149674620389,
          446.82926829268285,
          107.37527114967462,
          435.12195121951214,
          121.0412147505423,
          437.0731707317073,
          119.08893709327549,
          492.68292682926824,
          123.96963123644251,
          528.7804878048782,
          140.56399132321042,
          529.7560975609756,
          145.4446854663774,
          456.5853658536585,
          152.27765726681133,
          455.609756097561,
          150.3253796095445,
          470.24390243902434,
          160.08676789587852,
          470.24390243902434,
          165.94360086767895,
          454.63414634146324,
          269.41431670282,
          430.2439024390244,
          267.46203904555324,
          493.6585365853658,
          275.2711496746204,
          494.6341463414634,
          283.08026030368757,
          494.6341463414634,
          288.93709327548805,
          437.0731707317073,
          296.7462039045552,
          407.8048780487805,
          283.08026030368757,
          362.9268292682926,
          205.9652928416486,
          354.1463414634147,
          175.70498915401302,
          356.09756097560967,
          163.01518438177874,
          273.170731707317,
          153.2537960954447,
          210.73170731707316,
          145.444726822935,
          182.4390243902439,
          136.65943600867678,
          183.41463414634148,
          138.61171366594357,
          196.0975609756098,
          117.13665943600867,
          190.2439024390244,
          83.94793926247289,
          190.2439024390244,
          59.544468546637745,
          191.21951219512198,
          40.02169197396963,
          196.0975609756098,
          29.284164859002168,
          183.41463414634148
        ]
      ],
      "bbox": [
        15.61822125813449,
        182.4390243902439,
        281.1279826464207,
        347.3170731707317
      ],
      "ignore": 0,
      "iscrowd": 0,
      "area": 48194.59344355378
    },
    {
      "id": 28,
      "image_id": 24,
      "category_id": 1,
      "segmentation": [
        [
          717.4620390455531,
          190.2439024390244,
          704.7722342733189,
          293.6585365853659,
          697.939262472885,
          334.6341463414634,
          696.9631236442516,
          359.0243902439025,
          611.0629067245119,
          372.68292682926835,
          606.182212581345,
          397.0731707317073,
          605.2060737527115,
          422.4390243902438,
          609.1106290672453,
          448.78048780487813,
          609.1106290672453,
          488.780487804878,
          609.1106290672453,
          507.3170731707319,
          621.8004338394794,
          507.3170731707319,
          626.6811279826463,
          463.4146341463414,
          626.6811279826463,
          440.9756097560975,
          702.8199566160521,
          453.6585365853659,
          703.7960954446855,
          478.0487804878047,
          717.4620390455531,
          475.1219512195122,
          717.4620390455531,
          460.4878048780488,
          772.1258134490239,
          460.4878048780488,
          777.9826216068898,
          532.6829268292685,
          789.6963123644251,
          538.5365853658539,
          792.6247288503254,
          534.6341463414633,
          796.529284164859,
          448.78048780487813,
          804.3383947939262,
          444.8780487804878,
          826.7895878524946,
          446.82926829268285,
          831.6702819956616,
          490.7317073170732,
          846.3123644251626,
          493.6585365853658,
          845.3362255965293,
          436.09756097560984,
          845.3362255965293,
          401.95121951219517,
          845.3362255965293,
          357.07317073170736,
          854.1214750542299,
          297.5609756097561,
          858.0260303687636,
          240.0,
          860.9544468546638,
          196.0975609756098,
          851.1930585683298,
          188.2926829268293,
          843.3839479392623,
          190.2439024390244,
          840.4555314533623,
          201.95121951219502,
          804.3383947939262,
          192.1951219512195,
          773.1019522776572,
          192.1951219512195,
          737.9609544468547,
          199.99999999999994,
          731.1279826464208,
          198.0487804878049,
          729.175704989154,
          187.3170731707317
        ]
      ],
      "bbox": [
        605.2060737527115,
        187.3170731707317,
        255.74837310195232,
        351.21951219512215
      ],
      "ignore": 0,
      "iscrowd": 0,
      "area": 49334.05736748222
    }
  ],
  "info": {
    "year": 2023,
    "version": "1.0",
    "description": "",
    "contributor": "Label Studio",
    "url": "",
    "date_created": "2023-01-25 17:01:28.893733"
  }
}